Excel Author Value,Normalized Excel Value,Matched Faculty,Employee ID,Match Source,Number of Excel Rows,Requires Review,Excel Row Numbers,Candidates
A. Ramakrishna,a ramakrishna,Mr. A. Rama Krishna,VCE306,STRONG_VARIANT,2,No,"80, 84",
Annavarapu Ananda Kumar,annavarapu ananda kumar,Mr. A. Ananda Kumar,VCE1009,STRONG_VARIANT,2,No,"38, 94",
Archana Chittari,archana chittari,,,UNMATCHED,1,Yes,86,
B Praveen Kumar,b praveen kumar,B Praveen Kumar,VCE1476,CANONICAL,1,No,67,
B. Praveen Kumar,b praveen kumar,B Praveen Kumar,VCE1476,CANONICAL,9,No,"108, 129, 130, 131, 132, 133, 134, 135, 139",
Balachandran Praveen Kumar,balachandran praveen kumar,B Praveen Kumar,VCE1476,STRONG_VARIANT,1,No,72,
"Balachandran, P. K",balachandran pk,B Praveen Kumar,VCE1476,STRONG_VARIANT,1,No,33,
"Balachandran, P. K.",balachandran pk,B Praveen Kumar,VCE1476,STRONG_VARIANT,1,No,61,
Dr. Patil Mounica,patil mounica,Patil Mounica,VCE967,CANONICAL,1,No,55,
Hari Shankar Jain,hari shankar jain,Dr. H.S. Jain,VCE640,STRONG_VARIANT,1,No,121,
Karuppiah N,karuppiah n,Dr. N. Karuppiah,VCE1172,STRONG_VARIANT,1,No,89,
Karuppiah Natarajan,karuppiah natarajan,Dr. N. Karuppiah,VCE1172,STRONG_VARIANT,4,No,"25, 64, 96, 98",
Md Asif,md asif,Dr. Md. Asif,VCE085,CANONICAL,1,No,2,
Muruagapermual Krishnamoorthy,muruagapermual krishnamoorthy,Dr. Muruga Perumal,VCE1496,STRONG_VARIANT,1,No,82,
Murugaperumal Krishnamoorthy,murugaperumal krishnamoorthy,Dr. Muruga Perumal,VCE1496,STRONG_VARIANT,12,No,"21, 39, 44, 46, 58, 68, 75, 97, 99, 102, 123, 136",
Murugaperumal Krisnamoorthy,murugaperumal krisnamoorthy,Dr. Muruga Perumal,VCE1496,STRONG_VARIANT,1,No,76,
Murugaperunal Krishnamoorthy,murugaperunal krishnamoorthy,Dr. Muruga Perumal,VCE1496,STRONG_VARIANT,1,No,73,
N. Karuppiah,n karuppiah,Dr. N. Karuppiah,VCE1172,CANONICAL,1,No,127,
N. Srinivas,n srinivas,Dr. N. Srinivas,VCE087,CANONICAL,1,No,137,
NAKKA SRINIVAS,nakka srinivas,Dr. N. Srinivas,VCE087,STRONG_VARIANT,1,No,93,
Natarajan Karuppiah,natarajan karuppiah,Dr. N. Karuppiah,VCE1172,STRONG_VARIANT,3,No,"10, 113, 119",
Patil Mounica,patil mounica,Patil Mounica,VCE967,CANONICAL,4,No,"6, 7, 37, 54",
Praveen Kumar B,praveen kumar b,B Praveen Kumar,VCE1476,STRONG_VARIANT,4,No,"8, 63, 77, 81",
Praveen Kumar Balachandran,praveen kumar balachandran,B Praveen Kumar,VCE1476,STRONG_VARIANT,61,No,"3, 4, 5, 9, 12, 14, 15, 16, 17, 18, 19, 20, 22, 23, 26, 27, 29, 30, 31, 32, 34, 35, 36, 40, 41, 42, 43, 48, 49, 50, 53, 56, 57, 59, 60, 62, 70, 74, 78, 79, 87, 88, 90, 91, 92, 95, 103, 104, 105, 106, 107, 109, 111, 112, 114, 115, 116, 117, 118, 122, 126",
Praven Kumar Balachandran,praven kumar balachandran,B Praveen Kumar,VCE1476,STRONG_VARIANT,1,No,66,
"Ramakrishna, A",ramakrishna a,Mr. A. Rama Krishna,VCE306,STRONG_VARIANT,1,No,83,
Ravivarman Shanmugasundaram,ravivarman shanmugasundaram,Dr. S. Ravivarman,VCE1127,STRONG_VARIANT,4,No,"28, 71, 124, 125",
"Ravivarman, S.",ravivarman s,Dr. S. Ravivarman,VCE1127,STRONG_VARIANT,1,No,45,
S. Ravivarman,s ravivarman,Dr. S. Ravivarman,VCE1127,CANONICAL,5,No,"13, 51, 110, 128, 138",
Srinivas Nakka,srinivas nakka,Dr. N. Srinivas,VCE087,STRONG_VARIANT,1,No,24,
T. Anuradha Devi,t anuradha devi,Dr. T. Anuradha Devi,VCE1011,CANONICAL,3,No,"11, 47, 101",
Tellapati Anuradha Devi,tellapati anuradha devi,Dr. T. Anuradha Devi,VCE1011,STRONG_VARIANT,6,No,"52, 65, 69, 85, 100, 120",
