employee_id,faculty_name,imported_claimed_publications
VCE1476,B Praveen Kumar,72
VCE967,Patil Mounica,5
VCE1127,Dr. S. Ravivarman,8
VCE640,Dr. H.S. Jain,1
VCE1172,Dr. N. Karuppiah,8
VCE085,Dr. Md. Asif,1
VCE1496,Dr. Muruga Perumal,15
VCE1011,Dr. T. Anuradha Devi,8
VCE087,Dr. N. Srinivas,2
VCE801,Mr. B. Raja Gopal Reddy,0
VCE306,Mr. A. Rama Krishna,3
VCE1009,Mr. A. Ananda Kumar,2
VCE1430,Ms. G. Indirarani,0
VCE1074,Mr. B. Mohan,0
VCE1199,Ms. Fatima Unnisa,0
VCE1422,Mr. S. Vinod Reddy,0
VCE792,Ms. D. Revathi,0
VCE1837,Mr. B. Balakrishna,0
VCE1546,Ms. G. Swetha,0
