excel_row,s_no,normalized_doi,excel_title,stored_doi_title,excel_claimant,matched_faculty,employee_id,claimant_found_in_doi_authors,excel_journal,doi_journal,publication_date,excel_indexing,excel_impact_factor,excel_quartile,indexing,impact_factor,quartile,publication_id,status,warnings_errors
2,1,10.1016/j.enbuild.2026.117359,"Hybrid AI-IoT-Blockchain frameworks for energy-efficient smart homes: a multidimensional review of technologies, policies, and socioeconomic implications","Hybrid AI-IoT-Blockchain frameworks for energy-efficient smart homes: a multidimensional review of technologies, policies, and socioeconomic implications",Md Asif,Dr. Md. Asif,VCE085,True,Energy and Buildings,Energy and Buildings,2026-07-01,SCI,7.1,Q1,SCI,7.1,Q1,5,IMPORTED,Publication date uses the calendar date stored in Excel Month and Year; DOI has no exact date.
3,2,10.1080/02533839.2026.2683483,Optimizing power output in solar PV systems using hybrid coupling strategies,Optimizing power output in solar PV systems using hybrid coupling strategies,Praveen Kumar Balachandran,B Praveen Kumar,VCE1476,True,Journal of the Chinese Institute of Engineers,Journal of the Chinese Institute of Engineers,2026-07-19,SCIE,1.3,Q2,SCIE,1.3,Q2,6,IMPORTED,
4,3,10.1038/s41598-026-59891-z,Hybrid attention-RNN and HMM framework for reliable high-speed arterial vs. urban road classification under degraded GPS conditions,Hybrid attention-RNN and HMM framework for reliable high-speed arterial vs. urban road classification under degraded GPS conditions,Praveen Kumar Balachandran,B Praveen Kumar,VCE1476,True,Scientific Reports,Scientific Reports,2026-07-06,SCI,3.9,Q1,SCI,3.9,Q1,7,IMPORTED,
5,4,10.1038/s41598-026-65887-6,Voltage-based dynamic string reconfiguration for enhanced power harvesting in partially shaded PV panels,Voltage-based dynamic string reconfiguration for enhanced power harvesting in partially shaded PV panels,Praveen Kumar Balachandran,B Praveen Kumar,VCE1476,True,Scientific Reports,Scientific Reports,2026-08-12,SCI,3.9,Q1,SCI,3.9,Q1,8,IMPORTED,
6,5,10.5935/jetia.v12i59.3838,Power Factor Correction of Unbalanced Utility Electrical Network Feed Matrix Converter-Based Nonlinear Load Through Series Active Filtering,POWER FACTOR CORRECTION OF UNBALANCED UTILITY ELECTRICAL NETWORK FEED MATRIX CONVERTER-BASED NONLINEAR LOAD THROUGH SERIES ACTIVE FILTERING,Patil Mounica,Patil Mounica,VCE967,True,Journal of Engineering and Technology for Industrial Applications,ITEGAM- Journal of Engineering and Technology for Industrial Applications (ITEGAM-JETIA,2026-07-01,Scopus,0.35,Q4,SCOPUS,0.35,Q4,9,IMPORTED,Publication date uses the calendar date stored in Excel Month and Year; DOI has no exact date.
7,6,10.1504/ijpt.2026.154600,Renewable energy management in microgrid with demand response using adaptive particle swarm optimisation,Renewable energy management in microgrid with demand response using adaptive particle swarm optimisation,Patil Mounica,Patil Mounica,VCE967,True,International Journal of Powertrains ,International Journal of Powertrains,2026-07-07,Scopus,0.81,Q4,SCOPUS,0.81,Q4,127,IMPORTED,Publication date uses the calendar date stored in Excel Month and Year; DOI has no exact date. | Previous attempt: DOI_FETCH_FAILED
8,7,10.3390/life16081216,Correction: Kshirsagar et al. Deep Learning Approaches for Prognosis of Automated Skin Disease,"Correction: Kshirsagar et al. Deep Learning Approaches for Prognosis of Automated Skin Disease. Life 2022, 12, 426",Praveen Kumar B,B Praveen Kumar,VCE1476,True,Life,Life,2026-07-23,SCI,3.2,Q1,SCI,3.2,Q1,10,IMPORTED,
9,8,10.1038/s41598-026-58017-9,Deep Actor–Critic Reinforcement Learning (DA-CRL) based multi-objective optimal control of solar PV integrated UPQC for power quality enhancement in smart distribution networks,Deep Actor–Critic Reinforcement Learning (DA-CRL) based multi-objective optimal control of solar PV integrated UPQC for power quality enhancement in smart distribution networks,Praveen Kumar Balachandran,B Praveen Kumar,VCE1476,True,Scientific Reports,Scientific Reports,2026-06-21,SCI,3.9,Q1,SCI,3.9,Q1,11,IMPORTED,
10,9,10.32397/tesea.vol7.n1.707,Harmonic mitigation of PV-based resonant Cuk converter using lightning search optimization,Harmonic mitigation of PV-based resonant Cuk converter using lightning search optimization,Natarajan Karuppiah,Dr. N. Karuppiah,VCE1172,True,Transactions on Energy Systems and Engineering Applications,Transactions on Energy Systems and Engineering Applications,2026-06-02,Scopus,1.31,Q3,SCOPUS,1.31,Q3,12,IMPORTED,
11,10,10.11591/ijape.v15.i2.pp464-479,Super-twisting sliding mode control for enhanced performance of grid-connected PV systems with H-bridge multilevel inverter,Super-twisting sliding mode control for enhanced performance of grid-connected PV systems with H-bridge multilevel inverter,T. Anuradha Devi,Dr. T. Anuradha Devi,VCE1011,True,International Journal of Applied Power Engineering (IJAPE),International Journal of Applied Power Engineering (IJAPE),2026-06-01,Scopus,1.55,Q2,SCOPUS,1.55,Q2,13,IMPORTED,
12,11,,Constant Voltage Constant Current Control for Stable Operation of DC–DC Converters in Multilevel Inverters,,Praveen Kumar Balachandran,B Praveen Kumar,VCE1476,,Revista Internacional de Métodos Numéricos para Cálculo y Diseño en Ingeniería,,,Scopus,,Q4,,,,,INVALID_DOI,"Enter a valid DOI, for example 10.1234/example.123"
13,12,10.1007/s11269-026-04725-w,A Physics-guided Unsupervised Learning Framework for High-impact Heavy Rainfall Prediction in Data-sparse Environments,A Physics-guided Unsupervised Learning Framework for High-impact Heavy Rainfall Prediction in Data-sparse Environments,S. Ravivarman,Dr. S. Ravivarman,VCE1127,True,Water Resources Management ,Water Resources Management,2026-05-22,SCI,5.13,Q1,SCI,5.13,Q1,14,IMPORTED,
14,13,10.1088/2631-8695/ae6999,COBAD-FIR: a hybrid coati-badger optimization framework for power-efficient FIR coefficient enhancement in VLSI systems,COBAD-FIR: a hybrid coati-badger optimization framework for power-efficient FIR coefficient enhancement in VLSI systems,Praveen Kumar Balachandran,B Praveen Kumar,VCE1476,True,Engineering Research Express,Engineering Research Express,2026-05-01,ESCI,1.6,Q2,ESCI,1.6,Q2,15,IMPORTED,
15,14,,A Novel Modified Grasshopper Algorithm for State Estimation of Power System and Design of Renewable Energy Powered Shunt Active Power Filter,,Praveen Kumar Balachandran,B Praveen Kumar,VCE1476,,RIMNI,,,Scopus,5,Q4,,,,,INVALID_DOI,"Enter a valid DOI, for example 10.1234/example.123"
16,15,10.1016/j.est.2026.122307,A comprehensive analysis of different battery balancing methods for energy storage systems,A comprehensive analysis of different battery balancing methods for energy storage systems,Praveen Kumar Balachandran,B Praveen Kumar,VCE1476,True,Journal of Energy Storage,Journal of Energy Storage,2026-04-24,SCIE,9.8,Q1,SCIE,9.8,Q1,16,IMPORTED,Publication date uses the calendar date stored in Excel Month and Year; DOI has no exact date.
17,16,10.1155/etep/7935636,Optimal Design of AI Controller for Fuel Cell and Renewable Energy Integrated Parallel Inverters Using Lyre Bird Algorithm,Optimal Design of AI Controller for Fuel Cell and Renewable Energy Integrated Parallel Inverters Using Lyre Bird Algorithm,Praveen Kumar Balachandran,B Praveen Kumar,VCE1476,True,International Transactions on Electrical Energy Systems,International Transactions on Electrical Energy Systems,2026-04-23,ESCI,3.35,Q2,ESCI,3.35,Q2,128,IMPORTED,Previous attempt: DOI_FETCH_FAILED
18,17,,Design and Performance of an Ultra Gain Boost Converter for SolarPowered Electric Vehicle Applications,,Praveen Kumar Balachandran,B Praveen Kumar,VCE1476,,Revista Internacional de Métodos Numéricos para Cálculo y Diseño en Ingeniería,,,Scopus,,Q4,,,,,INVALID_DOI,"Enter a valid DOI, for example 10.1234/example.123"
19,18,10.1177/00202940261434653,Design of green hydrogen-based shunt active power filter for distribution networks using a modified red-tailed hawk algorithm,Design of green hydrogen-based shunt active power filter for distribution networks using a modified red-tailed hawk algorithm,Praveen Kumar Balachandran,B Praveen Kumar,VCE1476,True,Measurement and Control,Measurement and Control,2026-03-31,SCI,2,Q2,SCI,2.0,Q2,17,IMPORTED,
20,19,10.1038/s41598-026-44649-4,Enhancing MTC device security in LTE networks for the fast and secure BC-based group handover authentication protocol,Enhancing MTC device security in LTE networks for the fast and secure BC-based group handover authentication protocol,Praveen Kumar Balachandran,B Praveen Kumar,VCE1476,True,Scientific Reports,Scientific Reports,2026-03-28,SCI,3.9,Q1,SCI,3.9,Q1,18,IMPORTED,
21,20,10.1007/s10098-026-03454-3,"A novel LSTM‑NSMFO framework for designing hybrid renewable 
energy systems with green hydrogen integration",A novel LSTM-NSMFO framework for designing hybrid renewable energy systems with green hydrogen integration,Murugaperumal Krishnamoorthy,Dr. Muruga Perumal,VCE1496,True,Clean Technologies and Environmental Policy,Clean Technologies and Environmental Policy,2026-03-17,SCI,3.9,Q1,SCI,3.9,Q1,19,IMPORTED,
22,21,10.2174/0118722121452931260119063649,Sustainable Computing: AI and IoT-based Application Enhancement,Sustainable Computing: AI and IoT-based Application Enhancement,Praveen Kumar Balachandran,B Praveen Kumar,VCE1476,True,Recent Patents on Engineering,Recent Patents on Engineering,2026-03-11,Scopus,0.97,Q3,SCOPUS,0.97,Q3,20,IMPORTED,
23,22,10.1155/jcse/9317231,A Robust Hybrid GRAS-Net With Chaotic Optimization Model for Energy Management in Smart Grid-IoT Systems,A Robust Hybrid GRAS‐Net With Chaotic Optimization Model for Energy Management in Smart Grid‐IoT Systems,Praveen Kumar Balachandran,B Praveen Kumar,VCE1476,True,Journal of Control Science and Engineering,Journal of Control Science and Engineering,2026-04-17,Scopus,1.21,Q4,SCOPUS,1.21,Q4,21,IMPORTED,
24,23,10.1504/ijpt.2026.151998,"Innovative energy control strategy for standalone 
SPV-DG-battery power systems employing fractional 
order PID controllers ",Innovative energy control strategy for standalone SPV-DG-battery power systems employing fractional order PID controllers,Srinivas Nakka,Dr. N. Srinivas,VCE087,True,International Journal of Powertrains,International Journal of Powertrains,2026-03-02,Scopus,0.81,Q4,SCOPUS,0.81,Q4,22,IMPORTED,Publication date uses the calendar date stored in Excel Month and Year; DOI has no exact date.
25,24,10.1088/2631-8695/ae4f5a,Deep Learning Empowered Cyber-Physical Intelligence System for Resilient Renewable Aware IoT integrated Smart Grid Systems,Deep learning empowered cyber-physical intelligence system for resilient renewable aware IoT integrated smart grid systems,Karuppiah Natarajan,Dr. N. Karuppiah,VCE1172,True,Engineering Research Express,Engineering Research Express,2026-03-01,ESCI,,Q2,ESCI,,Q2,23,IMPORTED,
26,25,10.1002/ese3.70474,"Performance Comparison of Monocrystalline, Polycrystalline, Low Concentrated, and Bifacial PV Modules in a Particular Geographic Location of South India","Performance Comparison of Monocrystalline, Polycrystalline, Low Concentrated, and Bifacial PV Modules in a Particular Geographic Location of South India",Praveen Kumar Balachandran,B Praveen Kumar,VCE1476,True,Energy Science & Engineering,Energy Science &amp; Engineering,2026-02-12,SCI,3.4,Q2,SCI,3.4,Q2,24,IMPORTED,
27,26,,Osprey Optimization Algorithm-Based Power Quality Enhanced Grid Interfaced Green Energy Fed Electric Vehicle Charging for Industrial/House Hold Consumers,,Praveen Kumar Balachandran,B Praveen Kumar,VCE1476,,IEEE Transactions on Consumer Electronics,,,SCI,12.18,Q1,,,,,INVALID_DOI,"Enter a valid DOI, for example 10.1234/example.123"
28,27,10.1016/j.seppur.2025.136621,Calcium concentration management in water treatment using FD-RL in hybrid reverse osmosis–membrane distillation systems,Calcium concentration management in water treatment using FD-RL in hybrid reverse osmosis–membrane distillation systems,Ravivarman Shanmugasundaram,Dr. S. Ravivarman,VCE1127,True,Separation and Purification Technology,Separation and Purification Technology,2026-01-10,SCI,9,Q1,SCI,9.0,Q1,25,IMPORTED,Publication date uses the calendar date stored in Excel Month and Year; DOI has no exact date.
29,28,10.1002/ese3.70430,Tomtit-Raven Evolutionary Selector-Reinforced Attention-Driven: A High-Performance and Computationally Efficient Cyber Threat Detection Framework for Smart Grids,Tomtit‐Raven Evolutionary Selector‐Reinforced Attention‐Driven: A High‐Performance and Computationally Efficient Cyber Threat Detection Framework for Smart Grids,Praveen Kumar Balachandran,B Praveen Kumar,VCE1476,True,Energy Science & Engineering,Energy Science &amp; Engineering,2025-12-29,SCI,3.4,Q2,SCI,3.4,Q2,26,IMPORTED,
30,29,10.1088/2631-8695/ae2ced,Dynamic Image Processing Based Reconfiguration Algorithm for Mitigating the Power Losses in Partial Shaded Photovoltaic System,Dynamic image processing based reconfiguration algorithm for mitigating the power losses in partial shaded photovoltaic system,Praveen Kumar Balachandran,B Praveen Kumar,VCE1476,True,"Engineering Research
Express",Engineering Research Express,2025-12-26,ESCI,1.6,Q2,ESCI,1.6,Q2,27,IMPORTED,
31,30,10.1002/ese3.70340,Optimal Battery‐Based Adaptive ReconfigurationTechnique for a Partially Shaded Photovoltaic Array,Optimal Battery‐Based Adaptive Reconfiguration Technique for a Partially Shaded Photovoltaic Array,Praveen Kumar Balachandran,B Praveen Kumar,VCE1476,True,Energy Science & Engineering,Energy Science &amp; Engineering,2025-12-12,SCI,3.4,Q2,SCI,3.4,Q2,28,IMPORTED,
32,31,10.1177/11795972251395954,Hybrid Deep Learning for Brain Tumor Detection: Combining DenseNet and Custom CNN for Enhanced Accuracy,Hybrid Deep Learning for Brain Tumor Detection: Combining DenseNet and Custom CNN for Enhanced Accuracy,Praveen Kumar Balachandran,B Praveen Kumar,VCE1476,True,Biomedical Engineering and Computational Biology,Biomedical Engineering and Computational Biology,2025-12-11,ESCI,3.1,Q3,ESCI,3.1,Q3,29,IMPORTED,
33,32,10.1080/02533839.2025.2574459,Modified war strategy algorithm for optimal control and design of solar fed UPQC and power system state estimation problems,Modified war strategy algorithm for optimal control and design of solar fed UPQC and power system state estimation problems,"Balachandran, P. K",B Praveen Kumar,VCE1476,True,Journal of the Chinese Institute of Engineers,Journal of the Chinese Institute of Engineers,2025-12-02,SCI,1.2,Q2,SCI,1.2,Q2,30,IMPORTED,
34,33,10.1177/01445987251390554,Chimp algorithm based Solar-Hydrogen energy powered UPQC for distribution system,Chimp algorithm based Solar-Hydrogen energy powered UPQC for distribution system,Praveen Kumar Balachandran,B Praveen Kumar,VCE1476,True,Energy Exploration & Exploitation,Energy Exploration &amp; Exploitation,2025-11-27,SCI,2.2,Q2,SCI,2.2,Q2,31,IMPORTED,
35,34,10.1038/s41598-025-26482-3,Efficiency of a smart parking system in privacy-preserving using multi transaction mode consortium blockchain,Efficiency of a smart parking system in privacy-preserving using multi transaction mode consortium blockchain,Praveen Kumar Balachandran,B Praveen Kumar,VCE1476,True,Scientific Reports,Scientific Reports,2025-11-27,SCI,3.9,Q1,SCI,3.9,Q1,32,IMPORTED,
36,35,10.1002/ese3.70354,A Static Kropki Puzzle Pattern-Based Shade Dispersion Technique for a Partially Shaded Photovoltaic Array,A Static Kropki Puzzle Pattern‐Based Shade Dispersion Technique for a Partially Shaded Photovoltaic Array,Praveen Kumar Balachandran,B Praveen Kumar,VCE1476,True,Energy Science & Engineering,Energy Science &amp; Engineering,2025-11-10,SCI,3.4,Q2,SCI,3.4,Q2,33,IMPORTED,
37,36,10.1504/ijpt.2025.149513,Advanced control strategy for a wind-hydrogen-battery standalone microgrid under distribution line fault conditions,Advanced control strategy for a wind-hydrogen-battery standalone microgrid under distribution line fault conditions,Patil Mounica,Patil Mounica,VCE967,True,International Journal of Powertrains,International Journal of Powertrains,2025-11-04,Scopus,0.81,Q4,SCOPUS,0.81,Q4,34,IMPORTED,Publication date uses the calendar date stored in Excel Month and Year; DOI has no exact date.
38,37,10.1016/j.compeleceng.2025.110814,"A high-dimensional data-driven approach for enhancing 
cyber-physical attack detection in PV-connected distribution 
power grids using deep Q-networks",A high-dimensional data-driven approach for enhancing cyber-physical attack detection in PV-connected distribution power grids using deep Q-networks,Annavarapu Ananda Kumar,Mr. A. Ananda Kumar,VCE1009,True,Computers and Electrical Engineering,Computers and Electrical Engineering,2025-11-02,SCI,7.17,Q1,SCI,7.17,Q1,35,IMPORTED,Publication date uses the calendar date stored in Excel Month and Year; DOI has no exact date.
39,38,10.1002/ep.70122,Optimal sizing and feasibility analysis of hybrid energy microgrid system using multi-objective moth swarm algorithm,Optimal sizing and feasibility analysis of hybrid energy microgrid system using multi‐objective moth swarm algorithm,Murugaperumal Krishnamoorthy,Dr. Muruga Perumal,VCE1496,True,Environmental Progress & Sustainable Energy ,Environmental Progress &amp; Sustainable Energy,2025-10-06,SCI,2.3,Q2,SCI,2.3,Q2,36,IMPORTED,
40,39,10.1038/s41598-025-19455-z,Open complementary split-ringresonator-embedded tri-bandrectangular monopole antennawith offset feed for next-genwireless applications,Open complementary split-ring resonator-embedded tri-band rectangular monopole antenna with offset feed for next-gen wireless applications,Praveen Kumar Balachandran,B Praveen Kumar,VCE1476,True,Scientific Reports,Scientific Reports,2025-10-13,SCI,3.9,Q1,SCI,3.9,Q1,37,IMPORTED,
41,40,10.1002/ese3.70329,Zero‐DAGNet: A Domain‐Adversarial Graph NetworkIntegrated With POCO for Cyber‐Physical Security inSmart Grid,Zero‐DAGNet: A Domain‐Adversarial Graph Network Integrated With POCO for Cyber‐Physical Security in Smart Grid,Praveen Kumar Balachandran,B Praveen Kumar,VCE1476,True,Energy Science & Engineering,Energy Science &amp; Engineering,2025-10-26,SCI,3.4,Q2,SCI,3.4,Q2,38,IMPORTED,
42,41,10.1038/s41598-025-10238-0,Enhanced IoT threat detection using Graph-Regularized neural networks optimized by Sea-Lion algorithm,Enhanced IoT threat detection using Graph-Regularized neural networks optimized by Sea-Lion algorithm,Praveen Kumar Balachandran,B Praveen Kumar,VCE1476,True,"Elsevier
",Scientific Reports,2025-09-29,SCI,3.9,Q1,SCI,3.9,Q1,39,IMPORTED,
43,42,10.1038/s41598-025-12585-4,"Optimizing control and management of hybrid power system, consisting PV-wind and battery-super capacitor, using COOT algorithm","Optimizing control and management of hybrid power system, consisting PV-wind and battery-super capacitor, using COOT algorithm",Praveen Kumar Balachandran,B Praveen Kumar,VCE1476,True,Scientific Reports,Scientific Reports,2025-09-29,SCI,3.9,Q1,SCI,3.9,Q1,40,IMPORTED,
44,43,10.1016/j.rineng.2025.107513,Hybrid CMNV2: DeepFake faces classification and recognition using deep learning methods,Hybrid CMNV2: DeepFake faces classification and recognition using deep learning methods,Murugaperumal Krishnamoorthy,Dr. Muruga Perumal,VCE1496,True,Results in Engineering,Results in Engineering,2025-09-25,SCI,7.9,Q1,SCI,7.9,Q1,41,IMPORTED,Publication date uses the calendar date stored in Excel Month and Year; DOI has no exact date.
45,44,10.1016/j.suscom.2025.101208,Integrating Blockchain and IoT with Advanced Predictive Modeling for Energy Efficient Urban Transportation Systems,Integrating blockchain and iot with advanced predictive modeling for energy efficient urban transportation systems,"Ravivarman, S.",Dr. S. Ravivarman,VCE1127,True,Sustainable Computing Informatics and Systems,Sustainable Computing: Informatics and Systems,2025-09-15,SCI,5.7,Q1,SCI,5.7,Q1,42,IMPORTED,Publication date uses the calendar date stored in Excel Month and Year; DOI has no exact date.
46,45,10.1016/j.engappai.2025.112316, A robust deep learning model selection with data augmentation for automatic detection of tessellated fundus images and explainable artificial intelligence based interpretation,A robust deep learning model selection with data augmentation for automatic detection of tessellated fundus images and explainable artificial intelligence based interpretation,Murugaperumal Krishnamoorthy,Dr. Muruga Perumal,VCE1496,True, Engineering Applications of Artificial Intelligence,Engineering Applications of Artificial Intelligence,2025-09-15,SCI,8.859,Q1,SCI,8.859,Q1,43,IMPORTED,Publication date uses the calendar date stored in Excel Month and Year; DOI has no exact date.
47,46,,Mitigation of Switching Losses and Electro Magnetic Interference with Buck Converter for Renewable Energy Applications ,,T. Anuradha Devi,Dr. T. Anuradha Devi,VCE1011,,INTERNATIONAL JOURNAL OF RENEWABLE ENERGY RESEARCH ,,,Scopus,1.1,Q3,,,,,INVALID_DOI,Missing DOI
48,47,10.23967/j.rimni.2025.10.66625,"Optimization of EV and Green Source  Fed Five-Level UPQC for Power Quality  and Energy Management Using Fennec
 Fox Algorithm",Optimization of EV and Green Source Fed Five-Level UPQC for Power Quality and Energy Management Using Fennec Fox Algorithm,Praveen Kumar Balachandran,B Praveen Kumar,VCE1476,False,RIMNI,Revista Internacional de Métodos Numéricos para Cálculo y Diseño en Ingeniería,,Scopus,5,Q4,SCOPUS,5.0,Q4,,CLAIMANT_NOT_IN_DOI_AUTHORS,CLAIMANT_NOT_IN_DOI_AUTHORS: expected exactly one conservative author match; found 0 | DOI author names: P. Balachandran | G. Kalpana | V. Babyshalini | K. Srilakshmi | S. Singh
49,48,10.1109/jestpe.2025.3598489,Novel Performance Driven Control of Switched Reluctance Motors Using an Adaptive Hybrid Intelligent Direct Torque Control Minimum Sector Selection Scheme,Novel Performance Driven Control of Switched Reluctance Motors Using an Adaptive Hybrid Intelligent Direct Torque Control Minimum Sector Selection Scheme,Praveen Kumar Balachandran,B Praveen Kumar,VCE1476,True,IEEE Journal of Emerging and Selected Topics in Power Electronics,IEEE Journal of Emerging and Selected Topics in Power Electronics,2025-08-13,SCI,4.9,Q1,SCI,4.9,Q1,44,IMPORTED,Publication date uses the calendar date stored in Excel Month and Year; DOI has no exact date.
50,49,10.1177/01445987251366854,"An optimal design of ANNC-PID
technique for renewable/
hydrogen energy powered
seven-level shunt active power
filter Using enhanced lyrebird
algorithm",An optimal design of ANNC-PID technique for renewable/ hydrogen energy powered seven-level shunt active power filter Using enhanced lyrebird algorithm,Praveen Kumar Balachandran,B Praveen Kumar,VCE1476,True,Energy Exploration & Exploitation,Energy Exploration &amp; Exploitation,2025-08-11,SCI,2.2,Q2,SCI,2.2,Q2,45,IMPORTED,
51,50,10.14419/92vkkc31,"Intelligent Control of BLDC Motors Using Adaptive
PID and ANN Techniques",Intelligent Control of BLDC Motors Using Adaptive PID and ANN Techniques,S. Ravivarman,Dr. S. Ravivarman,VCE1127,True,International Journal of Basic and Applied Sciences,International Journal of Basic and Applied Sciences,2025-08-09,Scopus,,Q4,SCOPUS,,Q4,46,IMPORTED,
52,51,10.1038/s41598-025-06555-z,"Solution of optimal power flow 
with wind power uncertainty using hybridized self-adaptive differential evolution",Solution of optimal power flow with wind power uncertainty using hybridized self-adaptive differential evolution,Tellapati Anuradha Devi,Dr. T. Anuradha Devi,VCE1011,True,Scientific Reports,Scientific Reports,2025-07-19,SCI,3.9,Q1,SCI,3.9,Q1,47,IMPORTED,
53,52,10.1109/jiot.2025.3590389,Syner-Dandelion Optimization Integrated Temporal Recurrent Transformer Network for Accurate Energy Load Forecasting in IoT-Smart Grids,Syner-Dandelion Optimization Integrated Temporal Recurrent Transformer Network for Accurate Energy Load Forecasting in IoT-Smart Grids,Praveen Kumar Balachandran,B Praveen Kumar,VCE1476,True,IEEE Internet of Things Journal,IEEE Internet of Things Journal,2025-10-15,SCI,10.6,Q1,SCI,10.6,Q1,48,IMPORTED,
54,53,10.1504/ijpt.2025.147079,Performance evaluation of ant colony optimisation suggested energy management in using HOMER,Performance evaluation of ant colony optimisation suggested energy management in using HOMER,Patil Mounica,Patil Mounica,VCE967,True,International Journal of Powertrains,International Journal of Powertrains,2025-07-10,Scopus,0.81,Q4,SCOPUS,0.81,Q4,49,IMPORTED,Publication date uses the calendar date stored in Excel Month and Year; DOI has no exact date.
55,54,10.52783/jns.v14.3148,"To Measure The Effectiveness Of Image Classification Using Support Vector Machine And 
Extreme Learning Machine",To Measure The Effectiveness Of Image Classification Using Support Vector Machine And Extreme Learning Machine,Dr. Patil Mounica,Patil Mounica,VCE967,True,Journal of Neonatal Surgery,Journal of Neonatal Surgery,2025-04-07,Scopus,0.27,Q4,SCOPUS,0.27,Q4,50,IMPORTED,
56,55,10.1080/15567036.2025.2505196,Experimental investigation of baffle inclination on the efficiency of a square-baffled solar air heater,Experimental investigation of baffle inclination on the efficiency of a square-baffled solar air heater,Praveen Kumar Balachandran,B Praveen Kumar,VCE1476,True,"Energy Sources, Part A: Recovery, Utilization, and Environmental Effects ","Energy Sources, Part A: Recovery, Utilization, and Environmental Effects",2025-06-20,SCI,2.86,Q2,SCI,2.86,Q2,51,IMPORTED,
57,56,10.1016/j.rico.2025.100554,Design and simulation of reduced switch converter based solar PV and energy storage fed shunt active power filter with butterfly optimization,Design and simulation of reduced switch converter based solar PV and energy storage fed shunt active power filter with butterfly optimization,Praveen Kumar Balachandran,B Praveen Kumar,VCE1476,True,Results in Control and Optimization,Results in Control and Optimization,2025-06-01,SCI,4.43,Q2,SCI,4.43,Q2,52,IMPORTED,Publication date uses the calendar date stored in Excel Month and Year; DOI has no exact date.
58,57,10.1016/j.rineng.2025.105317," A spatio-temporal fusion-based approach for multi-dimensional
 classification of Parkinson’s disease progression using multi-modal dataset",A spatio-temporal fusion-based approach for multi-dimensional classification of Parkinson’s disease progression using multi-modal dataset,Murugaperumal Krishnamoorthy,Dr. Muruga Perumal,VCE1496,True, Results in Engineering,Results in Engineering,2025-05-13,SCI,9.2,Q1,SCI,9.2,Q1,53,IMPORTED,Publication date uses the calendar date stored in Excel Month and Year; DOI has no exact date.
59,58,10.1002/ese3.70113,Solar FaultNet: Advanced Fault Detection and Classification in Solar PV Systems Using SwinProba-GeNet and BaBa Optimizer Models,Solar FaultNet: Advanced Fault Detection and Classification in Solar PV Systems Using SwinProba‐GeNet and BaBa Optimizer Models,Praveen Kumar Balachandran,B Praveen Kumar,VCE1476,True,Energy Science & Engineering,Energy Science &amp; Engineering,2025-04-29,SCI,4.07,Q2,SCI,4.07,Q2,54,IMPORTED,
60,59,10.1109/access.2025.3561335,An Improved Power Factor Correction Converter for Switched Reluctance Motor Drive Performance Analysis,An Improved Power Factor Correction Converter for Switched Reluctance Motor Drive Performance Analysis,Praveen Kumar Balachandran,B Praveen Kumar,VCE1476,True,IEEE Access,IEEE Access,2025-04-16,SCI,3.6,Q1,SCI,3.6,Q1,55,IMPORTED,Publication date uses the calendar date stored in Excel Month and Year; DOI has no exact date.
61,60,10.1080/00051144.2025.2480411,An intelligent Cuk-Luo fused DC-DC converter for standalone hybrid renewable energy system’s peak load power management,An intelligent Cuk-Luo fused DC-DC converter for standalone hybrid renewable energy system’s peak load power management,"Balachandran, P. K.",B Praveen Kumar,VCE1476,True,Automatika,Automatika,2025-03-28,SCI,1.7,Q2,SCI,1.7,Q2,56,IMPORTED,
62,61,10.1007/s00202-025-03043-5,"Experimental validation of hybrid L-shape propagated PV array
configuration under realistic shading conditions",Experimental validation of hybrid L-shape propagated PV array configuration under realistic shading conditions,Praveen Kumar Balachandran,B Praveen Kumar,VCE1476,True,Electrical Engineering,Electrical Engineering,2025-03-16,SCI,2.76,Q2,SCI,2.76,Q2,57,IMPORTED,
63,62,10.1038/s41598-025-91508-9,Power enhancement of PV arrays in different configurations under different partial shaded condition,Power enhancement of PV arrays in different configurations under different partial shaded condition,Praveen Kumar B,B Praveen Kumar,VCE1476,True,Scientific Reports,Scientific Reports,2025-02-26,SCI,3.9,Q1,SCI,3.9,Q1,58,IMPORTED,
64,63,10.1007/s42452-025-06615-z,Model based multi-loop predictive control scheme for multivariable processes,Model based multi-loop predictive control scheme for multivariable processes,Karuppiah Natarajan,Dr. N. Karuppiah,VCE1172,True,Discover Applied Sciences,Discover Applied Sciences,2025-02-22,SCI,2.91,Q2,SCI,2.91,Q2,59,IMPORTED,
65,64,10.32397/tesea.vol6.n1.574,An evaluation on industrial applications using leakageinductance and series capacitance converter,An evaluation on industrial applications using leakage inductance and series capacitance converter,Tellapati Anuradha Devi,Dr. T. Anuradha Devi,VCE1011,True,"Transactions on
Energy Systems and Engineering Applications",Transactions on Energy Systems and Engineering Applications,2025-02-10,Scopus,1.31,Q4,SCOPUS,1.31,Q4,60,IMPORTED,
66,65,10.1109/access.2025.3538129,"Optimizing Photovoltaic Array Performance  Under Partial Shading Using a Golden  Ratio-Based Configuration: A Comparative
 Analysis of 16 Configurational Variants",Optimizing Photovoltaic Array Performance Under Partial Shading Using a Golden Ratio-Based Configuration: A Comparative Analysis of 16 Configurational Variants,Praven Kumar Balachandran,B Praveen Kumar,VCE1476,True,IEEE Access,IEEE Access,2025-02-06,SCI,3.6,Q1,SCI,3.6,Q1,61,IMPORTED,Publication date uses the calendar date stored in Excel Month and Year; DOI has no exact date.
67,66,10.1038/s41598-024-77696-w,Optimal power generation of proton exchange membrane fuel cell using ANFIS based MPPT algorithm,Optimal power generation of proton exchange membrane fuel cell using ANFIS based MPPT algorithm,B Praveen Kumar,B Praveen Kumar,VCE1476,True,Scientific Reports,Scientific Reports,2024-11-02,SCI,3.9,Q1,SCI,3.9,Q1,62,IMPORTED,
68,67,10.32604/cmes.2024.057214,Advancements in Liver Tumor Detection: A Comprehensive Review of Various Deep LearningModels,Advancements in Liver Tumor Detection: A Comprehensive Review of Various Deep Learning Models,Murugaperumal Krishnamoorthy,Dr. Muruga Perumal,VCE1496,True,"Computer Modeling in
Engineering & Sciences",Computer Modeling in Engineering &amp; Sciences,2024-12-17,SCI,2.73,Q2,SCI,2.73,Q2,63,IMPORTED,Publication date uses the calendar date stored in Excel Month and Year; DOI has no exact date.
69,68,10.11591/ijape.v13.i4.pp909-919,PM flux-reversal machine for wind energy application,PM flux-reversal machine for wind energy application,Tellapati Anuradha Devi,Dr. T. Anuradha Devi,VCE1011,True,International Journal of Applied Power Engineering,International Journal of Applied Power Engineering (IJAPE),2024-12-01,SCI,1.55,Q2,SCI,1.55,Q2,64,IMPORTED,
70,69,10.1016/j.est.2024.114818,An optimized neural network-honey badger based control technique for a hybrid solar PV and battery energy storage fed unified power quality conditioner,An optimized neural network-honey badger based control technique for a hybrid solar PV and battery energy storage fed unified power quality conditioner,Praveen Kumar Balachandran,B Praveen Kumar,VCE1476,True,"Journal of Energy Storage
",Journal of Energy Storage,2024-11-25,SCI,9.8,Q1,SCI,9.8,Q1,65,IMPORTED,Publication date uses the calendar date stored in Excel Month and Year; DOI has no exact date.
71,70,10.1080/15567036.2024.2434199,"Modular multilevel converter-based hybrid energy storage system for electric vehicles: Design, simulation, and performance
evaluation","Modular multilevel converter-based hybrid energy storage system for electric vehicles: Design, simulation, and performance evaluation",Ravivarman Shanmugasundaram,Dr. S. Ravivarman,VCE1127,True,"ENERGY SOURCES, PART A: RECOVERY, UTILIZATION, AND ENVIRONMENTAL EFFECTS","Energy Sources, Part A: Recovery, Utilization, and Environmental Effects",2024-11-25,SCI,2.86,Q2,SCI,2.86,Q2,66,IMPORTED,
72,71,10.1007/s00202-024-02816-8,Analysis of ludo-shaped configuration of PV arrays under different partial shaded configuration,Analysis of ludo-shaped configuration of PV arrays under different partial shaded configuration,Balachandran Praveen Kumar,B Praveen Kumar,VCE1476,True,Electrical Engineering,Electrical Engineering,2024-11-10,SCI,2.76,Q2,SCI,2.76,Q2,67,IMPORTED,
73,72,10.1016/j.est.2024.113933,Optimal day-head scheduling of microgrid equipped with electric vehicle and distributed energy resources: SFO-CSGNN approach,Optimal day-ahead scheduling of microgrid equipped with electric vehicle and distributed energy resources: SFO-CSGNN approach,Murugaperunal Krishnamoorthy,Dr. Muruga Perumal,VCE1496,True,Journal of Energy Storage ,Journal of Energy Storage,2024-11-01,SCI,9.8,Q1,SCI,9.8,Q1,68,IMPORTED,Publication date uses the calendar date stored in Excel Month and Year; DOI has no exact date.
74,73,10.1038/s41598-024-77275-z,Multiobjective optimal power flow solutions using nondominated sorting colliding bodies optimization,Multiobjective optimal power flow solutions using nondominated sorting colliding bodies optimization,Praveen Kumar Balachandran,B Praveen Kumar,VCE1476,True,Scientific Reports,Scientific Reports,2024-11-04,SCI,3.9,Q1,SCI,3.9,Q1,69,IMPORTED,
75,74,10.1080/15567036.2024.2409947,Modeling of hybrid renewable resources and comprehensive feasibility analysis of grid interactive energy system for commercial building: a case study,Modeling of hybrid renewable resources and comprehensive feasibility analysis of grid interactive energy system for commercial building: a case study,Murugaperumal Krishnamoorthy,Dr. Muruga Perumal,VCE1496,True,"Energy Sources, Part A: Recovery, Utilization, and Environmental Effects","Energy Sources, Part A: Recovery, Utilization, and Environmental Effects",2024-10-27,SCI,2.86,Q2,SCI,2.86,Q2,70,IMPORTED,
76,75,10.1049/qtc2.12113,Enhanced QSVM with elitist non-dominated sorting genetic optimisation algorithm for breast cancer diagnosis,Enhanced QSVM with elitist non‐dominated sorting genetic optimisation algorithm for breast cancer diagnosis,Murugaperumal Krisnamoorthy,Dr. Muruga Perumal,VCE1496,True,IET Quantum Communication,IET Quantum Communication,2024-10-23,SCI,3.32,Q2,SCI,3.32,Q2,71,IMPORTED,
77,76,10.1016/j.est.2024.1133,Design of solar and energy storage systems fed reduced switch multilevel converter with flower pollination optimization,,Praveen Kumar B,B Praveen Kumar,VCE1476,,Journal of Energy Storage,,,SCI,9.8,Q1,SCI,9.8,Q1,,DOI_FETCH_FAILED,DOI not found in Crossref. Retry or continue with manual entry. HTTP 404
78,77,10.1016/j.heliyon.2024.e39598,An improved finite set model predictive control of SRM drive based on a voltage vectors strategy for low torque ripple,An improved finite set model predictive control of SRM drive based on a voltage vectors strategy for low torque ripple,Praveen Kumar Balachandran,B Praveen Kumar,VCE1476,True,Heliyon,Heliyon,2024-10-01,SCI,3.4,Q1,SCI,3.4,Q1,72,IMPORTED,Publication date uses the calendar date stored in Excel Month and Year; DOI has no exact date.
79,78,10.1016/j.heliyon.2024.e39299,"Advancement of electric vehicle technologies, classfication of charging methodologies, and optimization strategies for sustainable development - A comprehensive review","Advancement of electric vehicle technologies, classification of charging methodologies, and optimization strategies for sustainable development - A comprehensive review",Praveen Kumar Balachandran,B Praveen Kumar,VCE1476,True,Heliyon,Heliyon,2024-10-01,SCI,3.4,Q1,SCI,3.4,Q1,73,IMPORTED,Publication date uses the calendar date stored in Excel Month and Year; DOI has no exact date.
80,79,10.3389/fenrg.2024.1400745,Profit maximization of a wind-integrated deregulated system using V2G techniques and TCSC placement,Profit maximization of a wind-integrated deregulated system using V2G techniques and TCSC placement,A. Ramakrishna,Mr. A. Rama Krishna,VCE306,True,Frontiers in Energy Research,Frontiers in Energy Research,2024-09-26,SCI,2.4,Q2,SCI,2.4,Q2,74,IMPORTED,
81,80,10.1038/s41598-024-71100-3,Optimal design of hybrid green energy powered reduced switch converter based shunt active power filter using horse herd algorithm,Optimal design of hybrid green energy powered reduced switch converter based shunt active power filter using horse herd algorithm,Praveen Kumar B,B Praveen Kumar,VCE1476,True,Scientific Reports,Scientific Reports,2024-09-03,SCI,3.9,Q1,SCI,3.9,Q1,75,IMPORTED,
82,81,10.32397/tesea.vol5.n2.641,IOT Based intelligent energy monitoring of grid conncted hybrid systems and controlling of loads using plc,IOT based intelligent energy monitoring of grid connected hybrid systems and controlling of loads using PLC,Muruagapermual Krishnamoorthy,Dr. Muruga Perumal,VCE1496,True,Transactions on Energy Systems and Engineering Applications,Transactions on Energy Systems and Engineering Applications,2024-09-11,Scopus,1.31,Q4,SCOPUS,1.31,Q4,76,IMPORTED,
83,82,10.1109/access.2024.3450871,A Hyperparameter-tuned LSTM Technique-based Battery Remaining Useful Life Estimation Considering Incremental Capacity Curves,A Hyperparameter-Tuned LSTM Technique-Based Battery Remaining Useful Life Estimation Considering Incremental Capacity Curves,"Ramakrishna, A",Mr. A. Rama Krishna,VCE306,True,IEEE Access,IEEE Access,2024-08-28,SCI,3.6,Q1,SCI,3.6,Q1,77,IMPORTED,Publication date uses the calendar date stored in Excel Month and Year; DOI has no exact date.
84,83,10.1002/aesr.202400088,Integration of Renewable Energy in Microgrids and Smart Grids in Deregulated Power Systems: A Comparative Exploration,Integration of Renewable Energy in Microgrids and Smart Grids in Deregulated Power Systems: A Comparative Exploration,A. Ramakrishna,Mr. A. Rama Krishna,VCE306,True,Advanced Energy and Sustainability Research,Advanced Energy and Sustainability Research,2024-08-01,SCI,6.26,Q1,SCI,6.26,Q1,78,IMPORTED,Publication date uses the calendar date stored in Excel Month and Year; DOI has no exact date.
85,84,10.32397/tesea.vol5.n2.571,"Design of PV fed single-switch transformer less
topology powered electric vehicle",Design of PV fed single-switch transformer less topology powered electric vehicle,Tellapati Anuradha Devi,Dr. T. Anuradha Devi,VCE1011,True,"Transactions on
Energy Systems and Engineering Applications",Transactions on Energy Systems and Engineering Applications,2024-07-31,Scopus,1.31,Q4,SCOPUS,1.31,Q4,129,IMPORTED,Previous attempt: INVALID_DOI
86,85,,Risk assessment of electric power generation systems using modified jellyfish search algorithm,,Archana Chittari,,,,Transactions on Energy Systems and Engineering Applications,,,Scopus,1.31,Q4,,,,,SKIPPED_UNRESOLVED_CLAIMANT,Archana Chittari — Excel row 86 — not imported
87,86,10.1007/s00202-024-02586-3,IntDEM: an intelligent deep otimized energy mangement system for IoT-enabled smart grid applications,IntDEM: an intelligent deep optimized energy management system for IoT-enabled smart grid applications,Praveen Kumar Balachandran,B Praveen Kumar,VCE1476,True,Electrical Engineering,Electrical Engineering,2024-07-24,SCI,2.76,Q2,SCI,2.76,Q2,79,IMPORTED,
88,87,10.1038/s41598-024-65202-1,Experimental analysis of enhanced finite set model predictive control and direct torque control in SRM drives for torque ripple reduction,Experimental analysis of enhanced finite set model predictive control and direct torque control in SRM drives for torque ripple reduction,Praveen Kumar Balachandran,B Praveen Kumar,VCE1476,True,Scientific Reports,Scientific Reports,2024-07-22,SCI,3.9,Q1,SCI,3.9,Q1,80,IMPORTED,
89,88,10.1155/2024/8933933,Application of Covariance matrix adaptation-evolutionary strategy for modified constrained optimal power flow problem incorporating valve point and emission effect,Application of Covariance Matrix Adaptation‐Evolutionary Strategy for Modified Constrained Optimal Power Flow Problem Incorporating Valve Point and Emission Effect,Karuppiah N,Dr. N. Karuppiah,VCE1172,True,International Transactions on Electrical Energy Systems,International Transactions on Electrical Energy Systems,2024-07-17,SCI,3.35,Q2,SCI,3.35,Q2,81,IMPORTED,
90,89,10.1080/03772063.2024.2370959,A New Control Scheme for Wind/Battery Fed UPQC for the power quality enhancement: A Hybrid Technique,A New Control Scheme for Wind/Battery Fed UPQC for the Power Quality Enhancement: A Hybrid Technique,Praveen Kumar Balachandran,B Praveen Kumar,VCE1476,True,IETE Journal of Research,IETE Journal of Research,2024-07-11,Scopus,2.43,Q3,SCOPUS,2.43,Q3,82,IMPORTED,
91,90,10.1007/s00202-024-02546-x,Performance evaluation of PI and FLC controller for shunt active power filters,Performance evaluation of PI and FLC controller for shunt active power filters,Praveen Kumar Balachandran,B Praveen Kumar,VCE1476,True,Electrical Engineering,Electrical Engineering,2024-07-10,SCI,2.76,Q2,SCI,2.76,Q2,83,IMPORTED,
92,91,10.3389/fenrg.2024.1451373,Editorial: Attainment of SDGs through the advancement in solar PV systems,Editorial: Attainment of SDGs through the advancement in solar PV systems,Praveen Kumar Balachandran,B Praveen Kumar,VCE1476,True,Frontiers in Energy Research,Frontiers in Energy Research,2024-07-02,SCI,2.4,Q2,SCI,2.4,Q2,84,IMPORTED,
93,92,10.1504/ijpt.2024.140123,Demand response-based dynamic economic load dispatch in a microgrid with modified red deer algorithm,Demand response-based dynamic economic load dispatch in a microgrid with modified red deer algorithm,NAKKA SRINIVAS,Dr. N. Srinivas,VCE087,True,International Journal of Powertrains,International Journal of Powertrains,2024-07-01,Scopus,0.81,Q4,SCOPUS,0.81,Q4,85,IMPORTED,Publication date uses the calendar date stored in Excel Month and Year; DOI has no exact date.
94,93,10.11591/ijape.v13.i2.pp320-327,ANFIS-based optimisation for achieving the maximum torque per ampere in induction motor drive with conventional PI,ANFIS-based optimisation for achieving the maximum torque per ampere in induction motor drive with conventional PI,Annavarapu Ananda Kumar,Mr. A. Ananda Kumar,VCE1009,True,International Journal of Applied Power Engineering,International Journal of Applied Power Engineering (IJAPE),2024-06-01,Scopus,1.55,Q2,SCOPUS,1.55,Q2,86,IMPORTED,
95,94,10.20508/ijrer.v14i2.15017.g8900,Development of AI Controller for Solar /Battery Fed H-Bridge Cascaded Multilevel Converter UPQC under Different Loading Conditions,Development of AI-Controller for Solar /Battery Fed H-Bridge Cascaded Multilevel Converter UPQC under Different Loading Conditions,Praveen Kumar Balachandran,B Praveen Kumar,VCE1476,False,International Journal of Renewable Energy Research,International Journal of Renewable Energy Research,,"Scopus
ESCI",1.1,Q3,SCOPUS | ESCI,1.1,Q3,,CLAIMANT_NOT_IN_DOI_AUTHORS,CLAIMANT_NOT_IN_DOI_AUTHORS: expected exactly one conservative author match; found 0 | DOI author names: 
96,95,10.20508/ijrer.v14i2.14423.g8903,Two Stage PV Generation System with Control Strategy to Improve Grid Integrating Capabilities During Partial Shading Conditions,Two Stage PV Generation System with Novel Control Strategy to Improve Grid Integrating Capabilities During Partial Shading Conditions,Karuppiah Natarajan,Dr. N. Karuppiah,VCE1172,False,International Journal of Renewable Energy Research,International Journal of Renewable Energy Research,,"Scopus
ESCI",1.1,Q3,SCOPUS | ESCI,1.1,Q3,,CLAIMANT_NOT_IN_DOI_AUTHORS,CLAIMANT_NOT_IN_DOI_AUTHORS: expected exactly one conservative author match; found 0 | DOI author names: 
97,96,10.1007/s10668-024-05066-7,"Integrated renewable electrifcation system modeling and tri‑objective optimization analysis for net zero energy institutional building: a simulated case study of green
hydrogen production",Integrated renewable electrification system modeling and tri-objective optimization analysis for net zero energy institutional building: a simulated case study of green hydrogen production,Murugaperumal Krishnamoorthy,Dr. Muruga Perumal,VCE1496,True," Environment, Development and Sustainability ","Environment, Development and Sustainability",2024-06-18,SCIE,4.7,Q1,SCIE,4.7,Q1,87,IMPORTED,
98,97,10.32397/tesea.vol5.n1.557,Performance improvement of PV systems during dynamic partial shading conditions using optimization algorithms,Performance improvement of PV systems during dynamic partial shading conditions using optimization algorithms,Karuppiah Natarajan,Dr. N. Karuppiah,VCE1172,True, Transactions on Energy Systems and Engineering Applications,Transactions on Energy Systems and Engineering Applications,2024-05-07,Scopus,,Q4,SCOPUS,,Q4,88,IMPORTED,
99,98,10.1016/j.measen.2024.101192,Elevating sustainability with a multi-renewable hydrogen generation system empowered by machine learning and multi-objective optimization,Elevating sustainability with a multi-renewable hydrogen generation system empowered by machine learning and multi-objective optimization,Murugaperumal Krishnamoorthy,Dr. Muruga Perumal,VCE1496,True,Measurement: Sensors,Measurement: Sensors,2024-05-01,Scopus,1.08,Q2,SCOPUS,1.08,Q2,89,IMPORTED,Publication date uses the calendar date stored in Excel Month and Year; DOI has no exact date.
100,99,10.32397/tesea.vol5.n1.568,Enhancing the solar water pumping efficiency through Beta MPPT method-controlled drive,Enhancing the solar water pumping efficiency through Beta MPPT method-controlled drive,Tellapati Anuradha Devi,Dr. T. Anuradha Devi,VCE1011,True, Transactions on Energy Systems and Engineering Applications,Transactions on Energy Systems and Engineering Applications,2024-05-14,Scopus,,Q4,SCOPUS,,Q4,90,IMPORTED,
101,100,10.1371/journal.pone.0300145,Hybrid optimal-FOPID based UPQC for reducing harmonics and compensate load power in renewable energy sources grid connected system,Hybrid optimal-FOPID based UPQC for reducing harmonics and compensate load power in renewable energy sources grid connected system,T. Anuradha Devi,Dr. T. Anuradha Devi,VCE1011,True,PLoS ONE,PLOS ONE,2024-05-14,SCIE,2.8,Q2,SCIE,2.8,Q2,91,IMPORTED,
102,101,10.11591/ijece.v14i2.pp1251-1262,Feasibility analysis and modeling of a solar hybrid system for residential electric vehicle charging,Feasibility analysis and modeling of a solar hybrid system for residential electric vehicle charging,Murugaperumal Krishnamoorthy,Dr. Muruga Perumal,VCE1496,True,International Journal of Electrical and Computer Engineering,International Journal of Electrical and Computer Engineering (IJECE),2024-04-01,Scopus,,Q3,SCOPUS,,Q3,92,IMPORTED,
103,102,10.1080/15325008.2024.2330990,A Novel 21-Level Asymmetric Multilevel Inverter with Reduced Switches for Solar PV Systems,A Novel 21-Level Asymmetric Multilevel Inverter with Reduced Switches for Solar PV Systems,Praveen Kumar Balachandran,B Praveen Kumar,VCE1476,True,Electric Power Components and Systems,Electric Power Components and Systems,2024-04-01,SCIE,1.5,Q3,SCIE,1.5,Q3,93,IMPORTED,
104,103,10.3389/fenrg.2024.1335111,"Modeling and simulation of a Renzoku puzzle pattern-based PV array configuration for a partially 
shaded PV system",Modeling and simulation of a Renzoku puzzle pattern-based PV array configuration for a partially shaded PV system,Praveen Kumar Balachandran,B Praveen Kumar,VCE1476,True,Frontiers in Energy Research,Frontiers in Energy Research,2024-03-01,SCIE,2.6,Q2,SCIE,2.6,Q2,94,IMPORTED,
105,104,10.1038/s41598-024-55098-2,A novel optimized neural network model for cyber attack detection using enhanced whale optimization algorithm,A novel optimized neural network model for cyber attack detection using enhanced whale optimization algorithm,Praveen Kumar Balachandran,B Praveen Kumar,VCE1476,True,Scientific Reports,Scientific Reports,2024-03-07,SCIE,3.8,Q1,SCIE,3.8,Q1,95,IMPORTED,
106,105,10.1155/2024/6611240,Multiobjective Neuro-Fuzzy Controller Design and Selection of Filter Parameters of UPQC Using Predator Prey Firefly and Enhanced Harmony Search Optimization,Multiobjective Neuro-Fuzzy Controller Design and Selection of Filter Parameters of UPQC Using Predator Prey Firefly and Enhanced Harmony Search Optimization,Praveen Kumar Balachandran,B Praveen Kumar,VCE1476,True,International Transactions on Electrical Energy Systems,International Transactions on Electrical Energy Systems,2024-03-19,SCIE,2.9,Q2,SCIE,2.9,Q2,96,IMPORTED,
107,106,10.3389/fenrg.2024.1370412,Simulation of grid/standalone solar energy supplied reduced switch converter with optimal fuzzy logic controller using golden BallAlgorithm,Simulation of grid/standalone solar energy supplied reduced switch converter with optimal fuzzy logic controller using golden BallAlgorithm,Praveen Kumar Balachandran,B Praveen Kumar,VCE1476,True,Frontiers in Energy Research,Frontiers in Energy Research,2024-03-27,SCIE,2.6,Q2,SCIE,2.6,Q2,97,IMPORTED,
108,107,10.37256/cm.5120242696,Distribution State Estimation and Its Impact of Load Modeling,Distribution State Estimation and Its Impact of Load Modeling,B. Praveen Kumar,B Praveen Kumar,VCE1476,True,Contemporary Mathematics,Contemporary Mathematics,2024-02-05,"Scopus
ESCI",,Q3,SCOPUS | ESCI,,Q3,98,IMPORTED,
109,108,10.1155/2024/6645798,Analysis of Different PWM Techniques for Enhanced Ultrahigh Gain Z-Network Topology,Analysis of Different PWM Techniques for Enhanced Ultrahigh Gain Z-Network Topology,Praveen Kumar Balachandran,B Praveen Kumar,VCE1476,True,International Transactions on Electrical Energy Systems,International Transactions on Electrical Energy Systems,2024-02-06,SCIE,2.9,Q2,SCIE,2.9,Q2,99,IMPORTED,
110,109,10.3390/wevj15020060,Optimizing Electric Vehicle Battery Life: A Machine Learning Approach for Sustainable Transportation,Optimizing Electric Vehicle Battery Life: A Machine Learning Approach for Sustainable Transportation,S. Ravivarman,Dr. S. Ravivarman,VCE1127,True,World Electric Vehicle Journal,World Electric Vehicle Journal,2024-02-09,"Scopus
ESCI",2.6,Q2,SCOPUS | ESCI,2.6,Q2,100,IMPORTED,
111,110,10.3389/fenrg.2024.1325865,Green Energy Sourced AI Controlled Multilevel UPQC Parameter Selection Using Foot Ball Game Optimization,Green energy-sourced AI-controlled multilevel UPQC parameter selection using football game optimization,Praveen Kumar Balachandran,B Praveen Kumar,VCE1476,True,Frontiers in Energy Research,Frontiers in Energy Research,2024-02-19,SCIE,2.6,Q2,SCIE,2.6,Q2,101,IMPORTED,
112,111,10.1038/s41598-024-54550-7,Development of renewable energy fed three‑level hybrid active filter for EV charging station load using Jaya grey wolf optimization,Development of renewable energy fed three-level hybrid active filter for EV charging station load using Jaya grey wolf optimization,Praveen Kumar Balachandran,B Praveen Kumar,VCE1476,True,Scientific Reports,Scientific Reports,2024-02-23,SCIE,3.8,Q1,SCIE,3.8,Q1,102,IMPORTED,
113,112,10.32629/jai.v7i1.875,Optimizing Drone delivery: An efficient design for shipper applications,Optimizing Drone delivery: An efficient design for shipper applications,Natarajan Karuppiah,Dr. N. Karuppiah,VCE1172,True,Journal of Autonomous Intelligence,Journal of Autonomous Intelligence,2023-10-07,Scopus,0.17,Q4,SCOPUS,0.17,Q4,103,IMPORTED,
114,113,10.1080/15325008.2023.2237013,Solar Photovoltaic System Performance Improvement Using a New Fault Identification Technique,Solar Photovoltaic System Performance Improvement Using a New Fault Identification Technique,Praveen Kumar Balachandran,B Praveen Kumar,VCE1476,True,Electric Power Components and Systems,Electric Power Components and Systems,2023-07-24,SCIE,1.5,Q3,SCIE,1.5,Q3,104,IMPORTED,
115,114,10.1016/j.heliyon.2024.e23992,Power enhancement in PV arrays under partial shaded conditions with different array configuration,Power enhancement in PV arrays under partial shaded conditions with different array configuration,Praveen Kumar Balachandran,B Praveen Kumar,VCE1476,True,Heliyon,Heliyon,2024-01-01,SCIE,3.4,Q1,SCIE,3.4,Q1,105,IMPORTED,Publication date uses the calendar date stored in Excel Month and Year; DOI has no exact date.
116,115,10.1007/s00202-023-02209-3,A selective cross-tied array configuration technique for partial shaded solar PV system,A selective cross-tied array configuration technique for partial shaded solar PV system,Praveen Kumar Balachandran,B Praveen Kumar,VCE1476,True,Electrical Engineering,Electrical Engineering,2024-01-13,SCIE,2.2,Q2,SCIE,2.2,Q2,106,IMPORTED,
117,116,10.1007/s00202-023-02185-8,Optimization of ANFIS controller for solar/battery sources fed UPQC using an hybrid algorithm,Optimization of ANFIS controller for solar/battery sources fed UPQC using an hybrid algorithm,Praveen Kumar Balachandran,B Praveen Kumar,VCE1476,True,Electrical Engineering,Electrical Engineering,2024-01-05,SCIE,2.2,Q2,SCIE,2.2,Q2,107,IMPORTED,
118,117,10.3389/fenrg.2023.1342085,Optimal design of solar/wind/battery and EV fed UPQC for power quality and power flow management using enhanced most valuable player algorithm,Optimal design of solar/wind/battery and EV fed UPQC for power quality and power flow management using enhanced most valuable player algorithm,Praveen Kumar Balachandran,B Praveen Kumar,VCE1476,True,Frontiers in Energy Research,Frontiers in Energy Research,2024-01-18,SCIE,2.6,Q2,SCIE,2.6,Q2,108,IMPORTED,
119,118,10.1007/s13198-023-02238-y,Automated approach to design predictive PI control scheme for gain margin specification,Automated approach to design predictive PI control scheme for gain margin specification,Natarajan Karuppiah,Dr. N. Karuppiah,VCE1172,True,International Journal of System Assurance Engineering and Management,International Journal of System Assurance Engineering and Management,2024-01-21,"Scopus
ESCI",1.8,Q2,SCOPUS | ESCI,1.8,Q2,109,IMPORTED,
120,119,10.11591/ijpeds.v14.i4.pp2021-2031,A new brushless DC motor driving resonant pole inverter optimized for batteries,A new brushless DC motor driving resonant pole inverter optimized for batteries,Tellapati Anuradha Devi,Dr. T. Anuradha Devi,VCE1011,True,International Journal of Power Electronics and Drives Systems,International Journal of Power Electronics and Drive Systems (IJPEDS),2023-12-01,Scopus,,Q3,SCOPUS,,Q3,110,IMPORTED,
121,120,10.11591/ijpeds.v14.i4.pp2163-2172,Sliding mode controlled PV-based bootstrap converter system with enhanced response and voltage stability,Sliding modecontrolled PV-based bootstrap converter system with enhanced response and voltage stability,Hari Shankar Jain,Dr. H.S. Jain,VCE640,True,International Journal of Power Electronics and Drive Systems,International Journal of Power Electronics and Drive Systems (IJPEDS),2023-12-01,Scopus,,Q3,SCOPUS,,Q3,111,IMPORTED,
122,121,10.1007/s42452-023-05526-1,Fabrication and investigation of agricultural monitoring system with IoT & AI,Fabrication and investigation of agricultural monitoring system with IoT &amp; AI,Praveen Kumar Balachandran,B Praveen Kumar,VCE1476,True,SN Applied Sciences,SN Applied Sciences,2023-11-09,Scopus,,Q2,SCOPUS,,Q2,112,IMPORTED,
123,122,10.3390/su151813773,Design and Development of Optimal and Deep-Learning-Based Demand Response Technologies for Residential Hybrid Renewable Energy Management System,Design and Development of Optimal and Deep-Learning-Based Demand Response Technologies for Residential Hybrid Renewable Energy Management System,Murugaperumal Krishnamoorthy,Dr. Muruga Perumal,VCE1496,True,Sustainability,Sustainability,2023-09-15,SCIE,3.3,Q2,SCIE,3.3,Q2,113,IMPORTED,
124,123,10.3390/su151813424,Enhancing Sustainable Urban Energy Management through Short-Term Wind Power Forecasting Using LSTM Neural Network ,Enhancing Sustainable Urban Energy Management through Short-Term Wind Power Forecasting Using LSTM Neural Network,Ravivarman Shanmugasundaram,Dr. S. Ravivarman,VCE1127,True,Sustainability,Sustainability,2023-09-07,SCIE,3.3,Q2,SCIE,3.3,Q2,114,IMPORTED,
125,124,10.1080/15325008.2023.2246468,A Level Shifted Pulse Width Modulated Multilevel Inverter Fault Analysis Technique,A Level Shifted Pulse Width Modulated Multilevel Inverter Fault Analysis Technique,Ravivarman Shanmugasundaram,Dr. S. Ravivarman,VCE1127,True,Electric Power Components and Systems,Electric Power Components and Systems,2023-08-22,SCIE,1.5,Q3,SCIE,1.5,Q3,115,IMPORTED,
126,125,10.3389/fenrg.2023.1230641,Modeling and analysis of the LC filter-integrated quasi Z-source indirect matrix converter for the wind energy conversion system,Modeling and analysis of the LC filter-integrated quasi Z-source indirect matrix converter for the wind energy conversion system,Praveen Kumar Balachandran,B Praveen Kumar,VCE1476,True,Frontiers in Energy Research,Frontiers in Energy Research,2023-08-25,SCIE,2.6,Q2,SCIE,2.6,Q2,116,IMPORTED,
127,126,10.1155/2023/1572996,Finite Impulse Response Filter Design Using Fuzzy Logic-Based Diversity-Controlled Self-Adaptive Differential Evolution,Finite Impulse Response Filter Design Using Fuzzy Logic-Based Diversity-Controlled Self-Adaptive Differential Evolution,N. Karuppiah,Dr. N. Karuppiah,VCE1172,True,International Transactions on Electrical Energy Systems,International Transactions on Electrical Energy Systems,2023-07-13,SCIE,2.9,Q2,SCIE,2.9,Q2,117,IMPORTED,
128,127,10.23055/ijietap.2023.30.3.8917,Sensor Failure Identification And Segregation Using Wavelet Performance Analysis For Wsn Based Status Surveillance System Of A Wind Turbine,,S. Ravivarman,Dr. S. Ravivarman,VCE1127,,International Journal of Industrial Engineering,,,SCIE,1.1,Q3,SCIE,1.1,Q3,,DOI_FETCH_FAILED,DOI not found in Crossref. Retry or continue with manual entry. HTTP 404
129,128,10.1007/s11356-023-27261-1,Solar photovoltaic converter controller using opposition-based reinforcement learning with butterfly optimization algorithm under partial shading conditions,Solar photovoltaic converter controller using opposition-based reinforcement learning with butterfly optimization algorithm under partial shading conditions,B. Praveen Kumar,B Praveen Kumar,VCE1476,True,Environmental Science and Pollution Research,Environmental Science and Pollution Research,2023-05-13,SCIE,5.8,Q1,SCIE,5.8,Q1,118,IMPORTED,
130,129,10.1016/j.heliyon.2023.e16041,Power enhanced solar PV array configuration based on calcudoku puzzle pattern for partial shaded PV system,Power enhanced solar PV array configuration based on calcudoku puzzle pattern for partial shaded PV system,B. Praveen Kumar,B Praveen Kumar,VCE1476,True,Heliyon ,Heliyon,2023-05-01,SCIE,3.4,Q1,SCIE,3.4,Q1,119,IMPORTED,Publication date uses the calendar date stored in Excel Month and Year; DOI has no exact date.
131,130,10.1080/15325008.2023.2207177,Real-Time Implementation of a Seven-Level Multilevel DC Link Inverter for Solar PV System during Partial Shading,Real-Time Implementation of a Seven-Level Multilevel DC Link Inverter for Solar PV System during Partial Shading,B. Praveen Kumar,B Praveen Kumar,VCE1476,True,Electric Power Components and Systems,Electric Power Components and Systems,2023-05-08,SCIE,1.5,Q3,SCIE,1.5,Q3,120,IMPORTED,
132,131,10.1007/s00202-023-01816-4,Fault identification scheme for solar photovoltaic array in bridge and honeycomb configuration,Fault identification scheme for solar photovoltaic array in bridge and honeycomb configuration,B. Praveen Kumar,B Praveen Kumar,VCE1476,True,Electrical Engineering,Electrical Engineering,2023-04-11,SCIE,2.2,Q2,SCIE,2.2,Q2,121,IMPORTED,
133,132,10.1155/2023/3355124,Optimal Design and Performance Investigation of Artificial Neural Network Controller for Solar- and Battery-Connected Unified Power Quality Conditioner,Optimal Design and Performance Investigation of Artificial Neural Network Controller for Solar- and Battery-Connected Unified Power Quality Conditioner,B. Praveen Kumar,B Praveen Kumar,VCE1476,True,International Journal of Energy Research,International Journal of Energy Research,2023-04-11,SCIE,4.3,Q2,SCIE,4.3,Q2,122,IMPORTED,
134,133,10.1155/2023/4057091,The design of 2S 2L based buck boost converter with wide conversion range,The Design of 2S2L-Based Buck-Boost Converter with a Wide Conversion Range,B. Praveen Kumar,B Praveen Kumar,VCE1476,True,International Transactions on Electrical Energy Systems,International Transactions on Electrical Energy Systems,2023-04-14,SCIE,2.9,Q2,SCIE,2.9,Q2,123,IMPORTED,
135,134,10.1016/j.solmat.2022.112163,A Dynamic Mismatch loss mitigation algorithm with dual input dual output converter for solar PV systems,A dynamic mismatch loss mitigation algorithm with dual input dual output converter for solar PV systems,B. Praveen Kumar,B Praveen Kumar,VCE1476,True,Solar Energy Materials and Solar Cells,Solar Energy Materials and Solar Cells,2023-03-01,SCIE,6.8,Q1,SCIE,6.8,Q1,124,IMPORTED,Publication date uses the calendar date stored in Excel Month and Year; DOI has no exact date.
136,135,10.1155/2023/8063524,A Design and Development of the Smart Forest Alert Monitoring System Using IoT,A Design and Development of the Smart Forest Alert Monitoring System Using IoT,Murugaperumal Krishnamoorthy,Dr. Muruga Perumal,VCE1496,True,Journal of Sensors,Journal of Sensors,2023-02-08,SCI,1.9,Q3,SCI,1.9,Q3,125,IMPORTED,
137,136,,Enhancement of Voltage Regulation and Transient Stability of Six Phase STATCOM using Decoupled Current Control Strategy,,N. Srinivas,Dr. N. Srinivas,VCE087,,International Journal of Electrical & Electronics Research,,,Scopus,,Q4,,,,,INVALID_DOI,"Enter a valid DOI, for example 10.1234/example.123"
138,137,,Impact of Stator Slot Shape on Cogging Torque of BLDC Motor,,S. Ravivarman,Dr. S. Ravivarman,VCE1127,,International Journal of Electrical & Electronics Research,,,Scopus,,Q4,,,,,INVALID_DOI,"Enter a valid DOI, for example 10.1234/example.123"
139,138,10.1155/2023/7754765,Preserving Resource  handiness and Exigency based Migration Algorithm for Energy Efficient Federated Cloud Management systems,Preserving Resource Handiness and Exigency-Based Migration Algorithm (PRH-EM) for Energy Efficient Federated Cloud Management Systems,B. Praveen Kumar,B Praveen Kumar,VCE1476,True,Mobile Information Systems,Mobile Information Systems,2023-02-17,Scopus,2.1,Q3,SCOPUS,2.1,Q3,126,IMPORTED,
